
INSERT INTO sylius_product_option (id, code, position, created_at, updated_at) VALUES (131, 't_shirt_color', 0, '2018-08-03 01:21:20', '2018-08-03 01:21:20');
INSERT INTO sylius_product_option (id, code, position, created_at, updated_at) VALUES (132, 't_shirt_size', 1, '2018-08-03 01:21:20', '2018-08-03 01:21:20');
INSERT INTO sylius_product_option (id, code, position, created_at, updated_at) VALUES (133, 't_shirt_x', 2, '2018-08-03 01:21:20', '2018-08-03 01:21:20');
INSERT INTO sylius_product_option (id, code, position, created_at, updated_at) VALUES (134, 't_shirt_y', 3, '2018-08-03 01:21:20', '2018-08-03 01:21:20');

INSERT INTO sylius_product_options (product_id, option_id) VALUES (1302, 131);
INSERT INTO sylius_product_options (product_id, option_id) VALUES (1302, 132);
INSERT INTO sylius_product_options (product_id, option_id) VALUES (1302, 133);
INSERT INTO sylius_product_options (product_id, option_id) VALUES (1302, 134);

INSERT INTO sylius_product_option_translation (id, translatable_id, name, locale) VALUES (130, 131, 'T-Shirt color', 'en_US');
INSERT INTO sylius_product_option_translation (id, translatable_id, name, locale) VALUES (131, 132, 'T-Shirt size', 'en_US');
INSERT INTO sylius_product_option_translation (id, translatable_id, name, locale) VALUES (132, 133, 'T-Shirt x', 'en_US');
INSERT INTO sylius_product_option_translation (id, translatable_id, name, locale) VALUES (133, 134, 'T-Shirt y', 'en_US');

INSERT INTO sylius_product_option_value (id, option_id, code) VALUES (2304, 131, 'A1');
INSERT INTO sylius_product_option_value (id, option_id, code) VALUES (2305, 131, 'A2');
INSERT INTO sylius_product_option_value (id, option_id, code) VALUES (2306, 131, 'A3');
INSERT INTO sylius_product_option_value (id, option_id, code) VALUES (2307, 131, 'A4');
INSERT INTO sylius_product_option_value (id, option_id, code) VALUES (2308, 131, 'A5');
INSERT INTO sylius_product_option_value (id, option_id, code) VALUES (2309, 131, 'A6');
INSERT INTO sylius_product_option_value (id, option_id, code) VALUES (2310, 131, 'A7');
INSERT INTO sylius_product_option_value (id, option_id, code) VALUES (2311, 131, 'A8');
INSERT INTO sylius_product_option_value (id, option_id, code) VALUES (2312, 131, 'A9');
INSERT INTO sylius_product_option_value (id, option_id, code) VALUES (2313, 131, 'A10');
INSERT INTO sylius_product_option_value (id, option_id, code) VALUES (2314, 131, 'A11');
INSERT INTO sylius_product_option_value (id, option_id, code) VALUES (2315, 131, 'A12');
INSERT INTO sylius_product_option_value (id, option_id, code) VALUES (2316, 131, 'A13');
INSERT INTO sylius_product_option_value (id, option_id, code) VALUES (2317, 131, 'A14');
INSERT INTO sylius_product_option_value (id, option_id, code) VALUES (2318, 131, 'A15');
INSERT INTO sylius_product_option_value (id, option_id, code) VALUES (2319, 131, 'A16');
INSERT INTO sylius_product_option_value (id, option_id, code) VALUES (2320, 131, 'A17');
INSERT INTO sylius_product_option_value (id, option_id, code) VALUES (2321, 131, 'A18');
INSERT INTO sylius_product_option_value (id, option_id, code) VALUES (2322, 131, 'A19');
INSERT INTO sylius_product_option_value (id, option_id, code) VALUES (2323, 131, 'A20');
INSERT INTO sylius_product_option_value (id, option_id, code) VALUES (2324, 131, 'A21');
INSERT INTO sylius_product_option_value (id, option_id, code) VALUES (2325, 131, 'A22');
INSERT INTO sylius_product_option_value (id, option_id, code) VALUES (2326, 131, 'A23');
INSERT INTO sylius_product_option_value (id, option_id, code) VALUES (2327, 131, 'A24');
INSERT INTO sylius_product_option_value (id, option_id, code) VALUES (2328, 131, 'A25');
INSERT INTO sylius_product_option_value (id, option_id, code) VALUES (2329, 131, 'A26');
INSERT INTO sylius_product_option_value (id, option_id, code) VALUES (2330, 131, 'A27');
INSERT INTO sylius_product_option_value (id, option_id, code) VALUES (2331, 131, 'A28');
INSERT INTO sylius_product_option_value (id, option_id, code) VALUES (2332, 131, 'A29');
INSERT INTO sylius_product_option_value (id, option_id, code) VALUES (2333, 131, 'A30');
INSERT INTO sylius_product_option_value (id, option_id, code) VALUES (2334, 131, 'A31');
INSERT INTO sylius_product_option_value (id, option_id, code) VALUES (2335, 131, 'A32');
INSERT INTO sylius_product_option_value (id, option_id, code) VALUES (2336, 131, 'A33');
INSERT INTO sylius_product_option_value (id, option_id, code) VALUES (2337, 131, 'A34');
INSERT INTO sylius_product_option_value (id, option_id, code) VALUES (2338, 131, 'A35');
INSERT INTO sylius_product_option_value (id, option_id, code) VALUES (2339, 131, 'A36');
INSERT INTO sylius_product_option_value (id, option_id, code) VALUES (2340, 131, 'A37');
INSERT INTO sylius_product_option_value (id, option_id, code) VALUES (2341, 131, 'A38');
INSERT INTO sylius_product_option_value (id, option_id, code) VALUES (2342, 131, 'A39');
INSERT INTO sylius_product_option_value (id, option_id, code) VALUES (2343, 131, 'A40');
INSERT INTO sylius_product_option_value (id, option_id, code) VALUES (2344, 131, 'A41');
INSERT INTO sylius_product_option_value (id, option_id, code) VALUES (2345, 131, 'A42');
INSERT INTO sylius_product_option_value (id, option_id, code) VALUES (2346, 131, 'A43');
INSERT INTO sylius_product_option_value (id, option_id, code) VALUES (2347, 131, 'A44');
INSERT INTO sylius_product_option_value (id, option_id, code) VALUES (2348, 131, 'A45');
INSERT INTO sylius_product_option_value (id, option_id, code) VALUES (2349, 131, 'A46');
INSERT INTO sylius_product_option_value (id, option_id, code) VALUES (2350, 131, 'A47');
INSERT INTO sylius_product_option_value (id, option_id, code) VALUES (2351, 131, 'A48');
INSERT INTO sylius_product_option_value (id, option_id, code) VALUES (2352, 131, 'A49');
INSERT INTO sylius_product_option_value (id, option_id, code) VALUES (2353, 131, 'A50');
INSERT INTO sylius_product_option_value (id, option_id, code) VALUES (2354, 131, 'A51');
INSERT INTO sylius_product_option_value (id, option_id, code) VALUES (2355, 131, 'A52');
INSERT INTO sylius_product_option_value (id, option_id, code) VALUES (2356, 131, 'A53');
INSERT INTO sylius_product_option_value (id, option_id, code) VALUES (2357, 131, 'A54');
INSERT INTO sylius_product_option_value (id, option_id, code) VALUES (2358, 131, 'A55');
INSERT INTO sylius_product_option_value (id, option_id, code) VALUES (2359, 131, 'A56');
INSERT INTO sylius_product_option_value (id, option_id, code) VALUES (2360, 131, 'A57');
INSERT INTO sylius_product_option_value (id, option_id, code) VALUES (2361, 131, 'A58');
INSERT INTO sylius_product_option_value (id, option_id, code) VALUES (2362, 131, 'A59');
INSERT INTO sylius_product_option_value (id, option_id, code) VALUES (2363, 131, 'A60');
INSERT INTO sylius_product_option_value (id, option_id, code) VALUES (2364, 131, 'A61');
INSERT INTO sylius_product_option_value (id, option_id, code) VALUES (2365, 131, 'A62');
INSERT INTO sylius_product_option_value (id, option_id, code) VALUES (2366, 131, 'A63');
INSERT INTO sylius_product_option_value (id, option_id, code) VALUES (2367, 131, 'A64');
INSERT INTO sylius_product_option_value (id, option_id, code) VALUES (2368, 131, 'A65');
INSERT INTO sylius_product_option_value (id, option_id, code) VALUES (2369, 131, 'A66');
INSERT INTO sylius_product_option_value (id, option_id, code) VALUES (2370, 131, 'A67');
INSERT INTO sylius_product_option_value (id, option_id, code) VALUES (2371, 131, 'A68');
INSERT INTO sylius_product_option_value (id, option_id, code) VALUES (2372, 131, 'A69');
INSERT INTO sylius_product_option_value (id, option_id, code) VALUES (2373, 131, 'A70');
INSERT INTO sylius_product_option_value (id, option_id, code) VALUES (2374, 131, 'A71');
INSERT INTO sylius_product_option_value (id, option_id, code) VALUES (2375, 131, 'A72');
INSERT INTO sylius_product_option_value (id, option_id, code) VALUES (2376, 131, 'A73');
INSERT INTO sylius_product_option_value (id, option_id, code) VALUES (2377, 131, 'A74');
INSERT INTO sylius_product_option_value (id, option_id, code) VALUES (2378, 131, 'A75');
INSERT INTO sylius_product_option_value (id, option_id, code) VALUES (2379, 131, 'A76');
INSERT INTO sylius_product_option_value (id, option_id, code) VALUES (2380, 131, 'A77');
INSERT INTO sylius_product_option_value (id, option_id, code) VALUES (2381, 131, 'A78');
INSERT INTO sylius_product_option_value (id, option_id, code) VALUES (2382, 131, 'A79');
INSERT INTO sylius_product_option_value (id, option_id, code) VALUES (2383, 131, 'A80');
INSERT INTO sylius_product_option_value (id, option_id, code) VALUES (2384, 131, 'A81');
INSERT INTO sylius_product_option_value (id, option_id, code) VALUES (2385, 131, 'A82');
INSERT INTO sylius_product_option_value (id, option_id, code) VALUES (2386, 131, 'A83');
INSERT INTO sylius_product_option_value (id, option_id, code) VALUES (2387, 131, 'A84');
INSERT INTO sylius_product_option_value (id, option_id, code) VALUES (2388, 131, 'A85');
INSERT INTO sylius_product_option_value (id, option_id, code) VALUES (2389, 131, 'A86');
INSERT INTO sylius_product_option_value (id, option_id, code) VALUES (2390, 131, 'A87');
INSERT INTO sylius_product_option_value (id, option_id, code) VALUES (2391, 131, 'A88');
INSERT INTO sylius_product_option_value (id, option_id, code) VALUES (2392, 131, 'A89');
INSERT INTO sylius_product_option_value (id, option_id, code) VALUES (2393, 131, 'A90');
INSERT INTO sylius_product_option_value (id, option_id, code) VALUES (2394, 131, 'A91');
INSERT INTO sylius_product_option_value (id, option_id, code) VALUES (2395, 131, 'A92');
INSERT INTO sylius_product_option_value (id, option_id, code) VALUES (2396, 131, 'A93');
INSERT INTO sylius_product_option_value (id, option_id, code) VALUES (2397, 131, 'A94');
INSERT INTO sylius_product_option_value (id, option_id, code) VALUES (2398, 131, 'A95');
INSERT INTO sylius_product_option_value (id, option_id, code) VALUES (2399, 131, 'A96');
INSERT INTO sylius_product_option_value (id, option_id, code) VALUES (2400, 131, 'A97');
INSERT INTO sylius_product_option_value (id, option_id, code) VALUES (2401, 131, 'A98');
INSERT INTO sylius_product_option_value (id, option_id, code) VALUES (2402, 131, 'A99');
INSERT INTO sylius_product_option_value (id, option_id, code) VALUES (2403, 131, 'A100');
INSERT INTO sylius_product_option_value (id, option_id, code) VALUES (2404, 131, 'A101');
INSERT INTO sylius_product_option_value (id, option_id, code) VALUES (2405, 131, 'A102');
INSERT INTO sylius_product_option_value (id, option_id, code) VALUES (2406, 131, 'A103');
INSERT INTO sylius_product_option_value (id, option_id, code) VALUES (2407, 131, 'A104');
INSERT INTO sylius_product_option_value (id, option_id, code) VALUES (2408, 131, 'A105');
INSERT INTO sylius_product_option_value (id, option_id, code) VALUES (2409, 131, 'A106');
INSERT INTO sylius_product_option_value (id, option_id, code) VALUES (2410, 131, 'A107');
INSERT INTO sylius_product_option_value (id, option_id, code) VALUES (2411, 131, 'A108');
INSERT INTO sylius_product_option_value (id, option_id, code) VALUES (2412, 131, 'A109');
INSERT INTO sylius_product_option_value (id, option_id, code) VALUES (2413, 131, 'A110');
INSERT INTO sylius_product_option_value (id, option_id, code) VALUES (2414, 132, 'B1');
INSERT INTO sylius_product_option_value (id, option_id, code) VALUES (2415, 132, 'B2');
INSERT INTO sylius_product_option_value (id, option_id, code) VALUES (2416, 132, 'B3');
INSERT INTO sylius_product_option_value (id, option_id, code) VALUES (2417, 132, 'B4');
INSERT INTO sylius_product_option_value (id, option_id, code) VALUES (2418, 132, 'B5');
INSERT INTO sylius_product_option_value (id, option_id, code) VALUES (2419, 132, 'B6');
INSERT INTO sylius_product_option_value (id, option_id, code) VALUES (2420, 132, 'B7');
INSERT INTO sylius_product_option_value (id, option_id, code) VALUES (2421, 132, 'B8');
INSERT INTO sylius_product_option_value (id, option_id, code) VALUES (2422, 132, 'B9');
INSERT INTO sylius_product_option_value (id, option_id, code) VALUES (2423, 132, 'B10');
INSERT INTO sylius_product_option_value (id, option_id, code) VALUES (2424, 133, 'C1');
INSERT INTO sylius_product_option_value (id, option_id, code) VALUES (2425, 133, 'C2');
INSERT INTO sylius_product_option_value (id, option_id, code) VALUES (2426, 133, 'C3');
INSERT INTO sylius_product_option_value (id, option_id, code) VALUES (2427, 133, 'C4');
INSERT INTO sylius_product_option_value (id, option_id, code) VALUES (2428, 133, 'C5');
INSERT INTO sylius_product_option_value (id, option_id, code) VALUES (2429, 133, 'C6');
INSERT INTO sylius_product_option_value (id, option_id, code) VALUES (2430, 133, 'C7');
INSERT INTO sylius_product_option_value (id, option_id, code) VALUES (2431, 133, 'C8');
INSERT INTO sylius_product_option_value (id, option_id, code) VALUES (2432, 133, 'C9');
INSERT INTO sylius_product_option_value (id, option_id, code) VALUES (2433, 133, 'C10');
INSERT INTO sylius_product_option_value (id, option_id, code) VALUES (2434, 134, 'D1');
INSERT INTO sylius_product_option_value (id, option_id, code) VALUES (2435, 134, 'D2');
INSERT INTO sylius_product_option_value (id, option_id, code) VALUES (2436, 134, 'D3');
INSERT INTO sylius_product_option_value (id, option_id, code) VALUES (2437, 134, 'D4');
INSERT INTO sylius_product_option_value (id, option_id, code) VALUES (2438, 134, 'D5');
INSERT INTO sylius_product_option_value (id, option_id, code) VALUES (2439, 134, 'D6');
INSERT INTO sylius_product_option_value (id, option_id, code) VALUES (2440, 134, 'D7');
INSERT INTO sylius_product_option_value (id, option_id, code) VALUES (2441, 134, 'D8');
INSERT INTO sylius_product_option_value (id, option_id, code) VALUES (2442, 134, 'D9');
INSERT INTO sylius_product_option_value (id, option_id, code) VALUES (2443, 134, 'D10');

INSERT INTO sylius_product_option_value_translation (id, translatable_id, value, locale) VALUES (2304, 2304, 'A1', 'en_US');
INSERT INTO sylius_product_option_value_translation (id, translatable_id, value, locale) VALUES (2305, 2305, 'A2', 'en_US');
INSERT INTO sylius_product_option_value_translation (id, translatable_id, value, locale) VALUES (2306, 2306, 'A3', 'en_US');
INSERT INTO sylius_product_option_value_translation (id, translatable_id, value, locale) VALUES (2307, 2307, 'A4', 'en_US');
INSERT INTO sylius_product_option_value_translation (id, translatable_id, value, locale) VALUES (2308, 2308, 'A5', 'en_US');
INSERT INTO sylius_product_option_value_translation (id, translatable_id, value, locale) VALUES (2309, 2309, 'A6', 'en_US');
INSERT INTO sylius_product_option_value_translation (id, translatable_id, value, locale) VALUES (2310, 2310, 'A7', 'en_US');
INSERT INTO sylius_product_option_value_translation (id, translatable_id, value, locale) VALUES (2311, 2311, 'A8', 'en_US');
INSERT INTO sylius_product_option_value_translation (id, translatable_id, value, locale) VALUES (2312, 2312, 'A9', 'en_US');
INSERT INTO sylius_product_option_value_translation (id, translatable_id, value, locale) VALUES (2313, 2313, 'A10', 'en_US');
INSERT INTO sylius_product_option_value_translation (id, translatable_id, value, locale) VALUES (2314, 2314, 'A11', 'en_US');
INSERT INTO sylius_product_option_value_translation (id, translatable_id, value, locale) VALUES (2315, 2315, 'A12', 'en_US');
INSERT INTO sylius_product_option_value_translation (id, translatable_id, value, locale) VALUES (2316, 2316, 'A13', 'en_US');
INSERT INTO sylius_product_option_value_translation (id, translatable_id, value, locale) VALUES (2317, 2317, 'A14', 'en_US');
INSERT INTO sylius_product_option_value_translation (id, translatable_id, value, locale) VALUES (2318, 2318, 'A15', 'en_US');
INSERT INTO sylius_product_option_value_translation (id, translatable_id, value, locale) VALUES (2319, 2319, 'A16', 'en_US');
INSERT INTO sylius_product_option_value_translation (id, translatable_id, value, locale) VALUES (2320, 2320, 'A17', 'en_US');
INSERT INTO sylius_product_option_value_translation (id, translatable_id, value, locale) VALUES (2321, 2321, 'A18', 'en_US');
INSERT INTO sylius_product_option_value_translation (id, translatable_id, value, locale) VALUES (2322, 2322, 'A19', 'en_US');
INSERT INTO sylius_product_option_value_translation (id, translatable_id, value, locale) VALUES (2323, 2323, 'A20', 'en_US');
INSERT INTO sylius_product_option_value_translation (id, translatable_id, value, locale) VALUES (2324, 2324, 'A21', 'en_US');
INSERT INTO sylius_product_option_value_translation (id, translatable_id, value, locale) VALUES (2325, 2325, 'A22', 'en_US');
INSERT INTO sylius_product_option_value_translation (id, translatable_id, value, locale) VALUES (2326, 2326, 'A23', 'en_US');
INSERT INTO sylius_product_option_value_translation (id, translatable_id, value, locale) VALUES (2327, 2327, 'A24', 'en_US');
INSERT INTO sylius_product_option_value_translation (id, translatable_id, value, locale) VALUES (2328, 2328, 'A25', 'en_US');
INSERT INTO sylius_product_option_value_translation (id, translatable_id, value, locale) VALUES (2329, 2329, 'A26', 'en_US');
INSERT INTO sylius_product_option_value_translation (id, translatable_id, value, locale) VALUES (2330, 2330, 'A27', 'en_US');
INSERT INTO sylius_product_option_value_translation (id, translatable_id, value, locale) VALUES (2331, 2331, 'A28', 'en_US');
INSERT INTO sylius_product_option_value_translation (id, translatable_id, value, locale) VALUES (2332, 2332, 'A29', 'en_US');
INSERT INTO sylius_product_option_value_translation (id, translatable_id, value, locale) VALUES (2333, 2333, 'A30', 'en_US');
INSERT INTO sylius_product_option_value_translation (id, translatable_id, value, locale) VALUES (2334, 2334, 'A31', 'en_US');
INSERT INTO sylius_product_option_value_translation (id, translatable_id, value, locale) VALUES (2335, 2335, 'A32', 'en_US');
INSERT INTO sylius_product_option_value_translation (id, translatable_id, value, locale) VALUES (2336, 2336, 'A33', 'en_US');
INSERT INTO sylius_product_option_value_translation (id, translatable_id, value, locale) VALUES (2337, 2337, 'A34', 'en_US');
INSERT INTO sylius_product_option_value_translation (id, translatable_id, value, locale) VALUES (2338, 2338, 'A35', 'en_US');
INSERT INTO sylius_product_option_value_translation (id, translatable_id, value, locale) VALUES (2339, 2339, 'A36', 'en_US');
INSERT INTO sylius_product_option_value_translation (id, translatable_id, value, locale) VALUES (2340, 2340, 'A37', 'en_US');
INSERT INTO sylius_product_option_value_translation (id, translatable_id, value, locale) VALUES (2341, 2341, 'A38', 'en_US');
INSERT INTO sylius_product_option_value_translation (id, translatable_id, value, locale) VALUES (2342, 2342, 'A39', 'en_US');
INSERT INTO sylius_product_option_value_translation (id, translatable_id, value, locale) VALUES (2343, 2343, 'A40', 'en_US');
INSERT INTO sylius_product_option_value_translation (id, translatable_id, value, locale) VALUES (2344, 2344, 'A41', 'en_US');
INSERT INTO sylius_product_option_value_translation (id, translatable_id, value, locale) VALUES (2345, 2345, 'A42', 'en_US');
INSERT INTO sylius_product_option_value_translation (id, translatable_id, value, locale) VALUES (2346, 2346, 'A43', 'en_US');
INSERT INTO sylius_product_option_value_translation (id, translatable_id, value, locale) VALUES (2347, 2347, 'A44', 'en_US');
INSERT INTO sylius_product_option_value_translation (id, translatable_id, value, locale) VALUES (2348, 2348, 'A45', 'en_US');
INSERT INTO sylius_product_option_value_translation (id, translatable_id, value, locale) VALUES (2349, 2349, 'A46', 'en_US');
INSERT INTO sylius_product_option_value_translation (id, translatable_id, value, locale) VALUES (2350, 2350, 'A47', 'en_US');
INSERT INTO sylius_product_option_value_translation (id, translatable_id, value, locale) VALUES (2351, 2351, 'A48', 'en_US');
INSERT INTO sylius_product_option_value_translation (id, translatable_id, value, locale) VALUES (2352, 2352, 'A49', 'en_US');
INSERT INTO sylius_product_option_value_translation (id, translatable_id, value, locale) VALUES (2353, 2353, 'A50', 'en_US');
INSERT INTO sylius_product_option_value_translation (id, translatable_id, value, locale) VALUES (2354, 2354, 'A51', 'en_US');
INSERT INTO sylius_product_option_value_translation (id, translatable_id, value, locale) VALUES (2355, 2355, 'A52', 'en_US');
INSERT INTO sylius_product_option_value_translation (id, translatable_id, value, locale) VALUES (2356, 2356, 'A53', 'en_US');
INSERT INTO sylius_product_option_value_translation (id, translatable_id, value, locale) VALUES (2357, 2357, 'A54', 'en_US');
INSERT INTO sylius_product_option_value_translation (id, translatable_id, value, locale) VALUES (2358, 2358, 'A55', 'en_US');
INSERT INTO sylius_product_option_value_translation (id, translatable_id, value, locale) VALUES (2359, 2359, 'A56', 'en_US');
INSERT INTO sylius_product_option_value_translation (id, translatable_id, value, locale) VALUES (2360, 2360, 'A57', 'en_US');
INSERT INTO sylius_product_option_value_translation (id, translatable_id, value, locale) VALUES (2361, 2361, 'A58', 'en_US');
INSERT INTO sylius_product_option_value_translation (id, translatable_id, value, locale) VALUES (2362, 2362, 'A59', 'en_US');
INSERT INTO sylius_product_option_value_translation (id, translatable_id, value, locale) VALUES (2363, 2363, 'A60', 'en_US');
INSERT INTO sylius_product_option_value_translation (id, translatable_id, value, locale) VALUES (2364, 2364, 'A61', 'en_US');
INSERT INTO sylius_product_option_value_translation (id, translatable_id, value, locale) VALUES (2365, 2365, 'A62', 'en_US');
INSERT INTO sylius_product_option_value_translation (id, translatable_id, value, locale) VALUES (2366, 2366, 'A63', 'en_US');
INSERT INTO sylius_product_option_value_translation (id, translatable_id, value, locale) VALUES (2367, 2367, 'A64', 'en_US');
INSERT INTO sylius_product_option_value_translation (id, translatable_id, value, locale) VALUES (2368, 2368, 'A65', 'en_US');
INSERT INTO sylius_product_option_value_translation (id, translatable_id, value, locale) VALUES (2369, 2369, 'A66', 'en_US');
INSERT INTO sylius_product_option_value_translation (id, translatable_id, value, locale) VALUES (2370, 2370, 'A67', 'en_US');
INSERT INTO sylius_product_option_value_translation (id, translatable_id, value, locale) VALUES (2371, 2371, 'A68', 'en_US');
INSERT INTO sylius_product_option_value_translation (id, translatable_id, value, locale) VALUES (2372, 2372, 'A69', 'en_US');
INSERT INTO sylius_product_option_value_translation (id, translatable_id, value, locale) VALUES (2373, 2373, 'A70', 'en_US');
INSERT INTO sylius_product_option_value_translation (id, translatable_id, value, locale) VALUES (2374, 2374, 'A71', 'en_US');
INSERT INTO sylius_product_option_value_translation (id, translatable_id, value, locale) VALUES (2375, 2375, 'A72', 'en_US');
INSERT INTO sylius_product_option_value_translation (id, translatable_id, value, locale) VALUES (2376, 2376, 'A73', 'en_US');
INSERT INTO sylius_product_option_value_translation (id, translatable_id, value, locale) VALUES (2377, 2377, 'A74', 'en_US');
INSERT INTO sylius_product_option_value_translation (id, translatable_id, value, locale) VALUES (2378, 2378, 'A75', 'en_US');
INSERT INTO sylius_product_option_value_translation (id, translatable_id, value, locale) VALUES (2379, 2379, 'A76', 'en_US');
INSERT INTO sylius_product_option_value_translation (id, translatable_id, value, locale) VALUES (2380, 2380, 'A77', 'en_US');
INSERT INTO sylius_product_option_value_translation (id, translatable_id, value, locale) VALUES (2381, 2381, 'A78', 'en_US');
INSERT INTO sylius_product_option_value_translation (id, translatable_id, value, locale) VALUES (2382, 2382, 'A79', 'en_US');
INSERT INTO sylius_product_option_value_translation (id, translatable_id, value, locale) VALUES (2383, 2383, 'A80', 'en_US');
INSERT INTO sylius_product_option_value_translation (id, translatable_id, value, locale) VALUES (2384, 2384, 'A81', 'en_US');
INSERT INTO sylius_product_option_value_translation (id, translatable_id, value, locale) VALUES (2385, 2385, 'A82', 'en_US');
INSERT INTO sylius_product_option_value_translation (id, translatable_id, value, locale) VALUES (2386, 2386, 'A83', 'en_US');
INSERT INTO sylius_product_option_value_translation (id, translatable_id, value, locale) VALUES (2387, 2387, 'A84', 'en_US');
INSERT INTO sylius_product_option_value_translation (id, translatable_id, value, locale) VALUES (2388, 2388, 'A85', 'en_US');
INSERT INTO sylius_product_option_value_translation (id, translatable_id, value, locale) VALUES (2389, 2389, 'A86', 'en_US');
INSERT INTO sylius_product_option_value_translation (id, translatable_id, value, locale) VALUES (2390, 2390, 'A87', 'en_US');
INSERT INTO sylius_product_option_value_translation (id, translatable_id, value, locale) VALUES (2391, 2391, 'A88', 'en_US');
INSERT INTO sylius_product_option_value_translation (id, translatable_id, value, locale) VALUES (2392, 2392, 'A89', 'en_US');
INSERT INTO sylius_product_option_value_translation (id, translatable_id, value, locale) VALUES (2393, 2393, 'A90', 'en_US');
INSERT INTO sylius_product_option_value_translation (id, translatable_id, value, locale) VALUES (2394, 2394, 'A91', 'en_US');
INSERT INTO sylius_product_option_value_translation (id, translatable_id, value, locale) VALUES (2395, 2395, 'A92', 'en_US');
INSERT INTO sylius_product_option_value_translation (id, translatable_id, value, locale) VALUES (2396, 2396, 'A93', 'en_US');
INSERT INTO sylius_product_option_value_translation (id, translatable_id, value, locale) VALUES (2397, 2397, 'A94', 'en_US');
INSERT INTO sylius_product_option_value_translation (id, translatable_id, value, locale) VALUES (2398, 2398, 'A95', 'en_US');
INSERT INTO sylius_product_option_value_translation (id, translatable_id, value, locale) VALUES (2399, 2399, 'A96', 'en_US');
INSERT INTO sylius_product_option_value_translation (id, translatable_id, value, locale) VALUES (2400, 2400, 'A97', 'en_US');
INSERT INTO sylius_product_option_value_translation (id, translatable_id, value, locale) VALUES (2401, 2401, 'A98', 'en_US');
INSERT INTO sylius_product_option_value_translation (id, translatable_id, value, locale) VALUES (2402, 2402, 'A99', 'en_US');
INSERT INTO sylius_product_option_value_translation (id, translatable_id, value, locale) VALUES (2403, 2403, 'A100', 'en_US');
INSERT INTO sylius_product_option_value_translation (id, translatable_id, value, locale) VALUES (2404, 2404, 'A101', 'en_US');
INSERT INTO sylius_product_option_value_translation (id, translatable_id, value, locale) VALUES (2405, 2405, 'A102', 'en_US');
INSERT INTO sylius_product_option_value_translation (id, translatable_id, value, locale) VALUES (2406, 2406, 'A103', 'en_US');
INSERT INTO sylius_product_option_value_translation (id, translatable_id, value, locale) VALUES (2407, 2407, 'A104', 'en_US');
INSERT INTO sylius_product_option_value_translation (id, translatable_id, value, locale) VALUES (2408, 2408, 'A105', 'en_US');
INSERT INTO sylius_product_option_value_translation (id, translatable_id, value, locale) VALUES (2409, 2409, 'A106', 'en_US');
INSERT INTO sylius_product_option_value_translation (id, translatable_id, value, locale) VALUES (2410, 2410, 'A107', 'en_US');
INSERT INTO sylius_product_option_value_translation (id, translatable_id, value, locale) VALUES (2411, 2411, 'A108', 'en_US');
INSERT INTO sylius_product_option_value_translation (id, translatable_id, value, locale) VALUES (2412, 2412, 'A109', 'en_US');
INSERT INTO sylius_product_option_value_translation (id, translatable_id, value, locale) VALUES (2413, 2413, 'A110', 'en_US');
INSERT INTO sylius_product_option_value_translation (id, translatable_id, value, locale) VALUES (2414, 2414, 'B1', 'en_US');
INSERT INTO sylius_product_option_value_translation (id, translatable_id, value, locale) VALUES (2415, 2415, 'B2', 'en_US');
INSERT INTO sylius_product_option_value_translation (id, translatable_id, value, locale) VALUES (2416, 2416, 'B3', 'en_US');
INSERT INTO sylius_product_option_value_translation (id, translatable_id, value, locale) VALUES (2417, 2417, 'B4', 'en_US');
INSERT INTO sylius_product_option_value_translation (id, translatable_id, value, locale) VALUES (2418, 2418, 'B5', 'en_US');
INSERT INTO sylius_product_option_value_translation (id, translatable_id, value, locale) VALUES (2419, 2419, 'B6', 'en_US');
INSERT INTO sylius_product_option_value_translation (id, translatable_id, value, locale) VALUES (2420, 2420, 'B7', 'en_US');
INSERT INTO sylius_product_option_value_translation (id, translatable_id, value, locale) VALUES (2421, 2421, 'B8', 'en_US');
INSERT INTO sylius_product_option_value_translation (id, translatable_id, value, locale) VALUES (2422, 2422, 'B9', 'en_US');
INSERT INTO sylius_product_option_value_translation (id, translatable_id, value, locale) VALUES (2423, 2423, 'B10', 'en_US');
INSERT INTO sylius_product_option_value_translation (id, translatable_id, value, locale) VALUES (2424, 2424, 'C1', 'en_US');
INSERT INTO sylius_product_option_value_translation (id, translatable_id, value, locale) VALUES (2425, 2425, 'C2', 'en_US');
INSERT INTO sylius_product_option_value_translation (id, translatable_id, value, locale) VALUES (2426, 2426, 'C3', 'en_US');
INSERT INTO sylius_product_option_value_translation (id, translatable_id, value, locale) VALUES (2427, 2427, 'C4', 'en_US');
INSERT INTO sylius_product_option_value_translation (id, translatable_id, value, locale) VALUES (2428, 2428, 'C5', 'en_US');
INSERT INTO sylius_product_option_value_translation (id, translatable_id, value, locale) VALUES (2429, 2429, 'C6', 'en_US');
INSERT INTO sylius_product_option_value_translation (id, translatable_id, value, locale) VALUES (2430, 2430, 'C7', 'en_US');
INSERT INTO sylius_product_option_value_translation (id, translatable_id, value, locale) VALUES (2431, 2431, 'C8', 'en_US');
INSERT INTO sylius_product_option_value_translation (id, translatable_id, value, locale) VALUES (2432, 2432, 'C9', 'en_US');
INSERT INTO sylius_product_option_value_translation (id, translatable_id, value, locale) VALUES (2433, 2433, 'C10', 'en_US');
INSERT INTO sylius_product_option_value_translation (id, translatable_id, value, locale) VALUES (2434, 2434, 'D1', 'en_US');
INSERT INTO sylius_product_option_value_translation (id, translatable_id, value, locale) VALUES (2435, 2435, 'D2', 'en_US');
INSERT INTO sylius_product_option_value_translation (id, translatable_id, value, locale) VALUES (2436, 2436, 'D3', 'en_US');
INSERT INTO sylius_product_option_value_translation (id, translatable_id, value, locale) VALUES (2437, 2437, 'D4', 'en_US');
INSERT INTO sylius_product_option_value_translation (id, translatable_id, value, locale) VALUES (2438, 2438, 'D5', 'en_US');
INSERT INTO sylius_product_option_value_translation (id, translatable_id, value, locale) VALUES (2439, 2439, 'D6', 'en_US');
INSERT INTO sylius_product_option_value_translation (id, translatable_id, value, locale) VALUES (2440, 2440, 'D7', 'en_US');
INSERT INTO sylius_product_option_value_translation (id, translatable_id, value, locale) VALUES (2441, 2441, 'D8', 'en_US');
INSERT INTO sylius_product_option_value_translation (id, translatable_id, value, locale) VALUES (2442, 2442, 'D9', 'en_US');
INSERT INTO sylius_product_option_value_translation (id, translatable_id, value, locale) VALUES (2443, 2443, 'D10', 'en_US');
